"0","library(lme4)"
"0","# Fit the same data using LMM"
"0","library(lme4)"
"0",""
"0","fit <-"
"0","  lmer("
"0","    Score ~ 1 +"
"0","      (1|Patient),"
"0","    data=dat"
"0","  )"
"0",""
"0","summary(fit)"
"1","Linear mixed model fit by REML ['lmerMod']
"
"1","Formula:"
"1"," "
"1","Score ~ 1 + (1 | Patient)"
"1","
"
"1","   Data:"
"1"," "
"1","dat"
"1","
"
"1","
"
"1","REML criterion at convergence:"
"1"," "
"1","316.3"
"1","
"
"1","
"
"1","Scaled residuals:"
"1"," "
"1","
"
"1","     Min "
"1","      1Q "
"1","  Median "
"1","      3Q "
"1","     Max "
"1","
"
"1","-1.74355 "
"1","-0.60633 "
"1","-0.03491 "
"1"," 0.54193 "
"1"," 2.06393 "
"1","
"
"1","
"
"1","Random effects:
"
"1",""
"1"," Groups  "
"1"," Name       "
"1"," Variance"
"1"," Std.Dev."
"1","
"
"1"," Patient "
"1"," (Intercept)"
"1"," 3.8741  "
"1"," 1.9683  "
"1","
"
"1"," Residual"
"1","            "
"1"," 0.7946  "
"1"," 0.8914  "
"1","
"
"1","Number of obs: 90, groups: "
"1"," "
"1","Patient, 30"
"1","
"
"1","
Fixed effects:
"
"1","           "
"1"," Estimate"
"1"," Std. Error"
"1"," t value"
"1","
(Intercept)"
"1","   9.9421"
"1","     0.3714"
"1","   26.77"
"1","
"
"0","VarCorr(fit)"
"1",""
"1"," Groups  "
"1"," Name       "
"1"," Std.Dev."
"1","
"
"1"," Patient "
"1"," (Intercept)"
"1"," 1.96827 "
"1","
"
"1"," Residual"
"1","            "
"1"," 0.89141 "
"1","
"
